Capacite_accueil,NbChambres,frais_menage,Latitude,Longitude,Caution,Prix_Estime
2.0,1.0,0.0,44.8402957204,-0.5883284912,0.0,51.538398251741455
2.0,1.0,0.0,44.843899363,-0.558314783,0.0,47.710002883723064
4.0,1.0,40.0,44.8389417801,-0.56910126,400.0,88.04251782975825
8.0,3.0,50.0,44.8546131185,-0.5775876693,500.0,161.9779302875204
2.0,1.0,0.0,44.8397764657,-0.5730139649,0.0,49.25240097393089
4.0,1.0,0.0,44.8544334279,-0.5672154773,0.0,66.73119370179575
3.0,1.0,12.0,44.8607971904,-0.5590635954,400.0,72.94389704468722
6.0,3.0,0.0,44.8471690609,-0.5894069408,300.0,125.55394073896969
2.0,1.0,50.0,44.848338631,-0.5702814887,500.0,79.09470024914754
2.0,1.0,0.0,44.8294625691,-0.5725147903,200.0,53.190493304664415
4.0,1.0,25.0,44.8329854217,-0.5820689209,300.0,81.73348380727111
2.0,1.0,0.0,44.8358646965,-0.5755048996,0.0,49.060628919529336
1.0,1.0,4.0,44.8382859328,-0.6076425841,0.0,47.15026021778158
4.0,1.0,20.0,44.8444011289,-0.5871236283,500.0,88.00184516197896
2.0,1.0,0.0,44.8608410284,-0.5573175955,0.0,49.95522828445246
2.0,1.0,25.0,44.8525177554,-0.5772628869,300.0,67.5442292744774
4.0,1.0,50.0,44.8420386682,-0.5730033685,750.0,101.68000010910964
2.0,1.0,0.0,44.8522902326,-0.5904042463,100.0,56.262323386546996
16.0,10.0,0.0,44.8318564216,-0.5745358404,0.0,306.97552060766975
8.0,5.0,60.0,44.8565745277,-0.5830547159,800.0,206.50932522220137
4.0,1.0,0.0,44.8212974757,-0.5749759246,300.0,71.37647613269019
2.0,1.0,0.0,44.8388772345,-0.5807255269,0.0,50.239809684346255
2.0,1.0,0.0,44.827292091,-0.5913991715,0.0,50.1481545812303
4.0,1.0,40.0,44.843457215,-0.5784650769,100.0,81.83509484003571
7.0,3.0,25.0,44.8633345425,-0.6185039814,350.0,149.212699583034
3.0,2.0,45.0,44.8443859615,-0.5465142872,150.0,88.22483916076453
4.0,2.0,50.0,44.8583758041,-0.5662099228,300.0,106.80374464289434
6.0,3.0,70.0,44.8406711972,-0.5716099441,600.0,151.77788853707625
10.0,6.0,90.0,44.8304315669,-0.5822303399,800.0,244.2703590046949
4.0,2.0,0.0,44.8388302918,-0.5688584277,350.0,90.42851703522138
6.0,3.0,20.0,44.8301492849,-0.6103448018,1000.0,151.45271975532887
4.0,0.0,0.0,44.8340247385,-0.5744961224,150.0,52.90642587704497
4.0,1.0,0.0,44.8551603203,-0.5859629406,300.0,77.73969361659692
6.0,3.0,50.0,44.8405323485,-0.5806114859,850.0,153.74289291808418
5.0,3.0,0.0,44.8285228603,-0.5667028427,0.0,103.32181257209595
4.0,1.0,0.0,44.8359794984,-0.5743936231,200.0,70.63056671650065
6.0,3.0,40.0,44.8478595863,-0.5936747013,200.0,135.82962564211812
4.0,1.0,25.0,44.8415319548,-0.5790953648,400.0,85.2415704312134
2.0,1.0,20.0,44.8293855346,-0.5703947312,350.0,63.11893572798817
4.0,1.0,0.0,44.8374716909,-0.5701439684,1000.0,92.0861906099235
6.0,2.0,45.0,44.8541813303,-0.5751591111,500.0,127.68279875312601
2.0,1.0,0.0,44.8548728658,-0.5771858424,0.0,51.98425412006054
3.0,1.0,20.0,44.8504987553,-0.5743148071,100.0,67.9567229760396
4.0,1.0,0.0,44.8389957993,-0.5714309942,500.0,78.82509625496459
5.0,2.0,40.0,44.840824386,-0.5805296583,700.0,122.3783166649464
3.0,0.0,30.0,44.838813681,-0.5694232935,200.0,55.31084208250013
4.0,1.0,0.0,44.834291994,-0.5746126476,150.0,69.05802186558685
4.0,2.0,49.0,44.8443946232,-0.5760747815,500.0,111.41476216521914
2.0,1.0,5.0,44.8530251219,-0.5961763399,150.0,60.102921931261335
3.0,1.0,30.0,44.8219960698,-0.6004196211,350.0,77.61329797455892
3.0,1.0,10.0,44.8470677254,-0.5887667459,0.0,63.75505740664812
2.0,1.0,0.0,44.8544430233,-0.5830950861,0.0,52.777447926177956
4.0,1.0,0.0,44.8537674547,-0.5749272322,150.0,71.85012740163802
4.0,2.0,30.0,44.8345776658,-0.5683492449,200.0,94.87713617746704
4.0,1.0,0.0,44.8405609208,-0.5725542851,500.0,79.20812967043184
12.0,5.0,70.0,44.8556179798,-0.6055650335,1500.0,264.3262359953387
4.0,1.0,40.0,44.8441807347,-0.5727190833,1500.0,119.36051027405756
3.0,1.0,0.0,44.8340948683,-0.5616684573,300.0,63.13378416203341
2.0,1.0,10.0,44.8314104398,-0.5758146506,0.0,51.550708854968434
8.0,4.0,60.0,44.8374451214,-0.5724515137,1001.0,191.67449841131292
2.0,1.0,0.0,44.8508732535,-0.5974073883,0.0,54.34195487783745
10.0,5.0,0.0,44.8321936421,-0.5708298241,0.0,177.25372563646033
8.0,4.0,0.0,44.8560480643,-0.5754020311,500.0,162.59399843374013
4.0,0.0,0.0,44.830943381,-0.5750841922,150.0,52.55682672139392
4.0,1.0,0.0,44.8256995803,-0.5712087325,100.0,65.98819639100566
4.0,1.0,10.0,44.8535413543,-0.5687397055,150.0,73.99773122224178
2.0,1.0,0.0,44.8482594581,-0.5889640904,0.0,52.75337195407428
1.0,1.0,0.0,44.831939506,-0.575496959,0.0,40.381150044760034
2.0,0.0,0.0,44.8347968649,-0.5836862779,200.0,39.45987499883904
4.0,1.0,0.0,44.8405546194,-0.5721573704,95.0,68.0836704329995
2.0,1.0,0.0,44.8353952711,-0.5701841248,0.0,48.22563681138399
6.0,4.0,50.0,44.8519459847,-0.6066293949,300.0,160.18071771767245
2.0,1.0,20.0,44.8541748412,-0.5722029153,300.0,65.51006762442557
4.0,2.0,30.0,44.8338686209,-0.5685911369,3000.0,171.31929675350602
4.0,2.0,50.0,44.8519784016,-0.5799446287,1000.0,127.01281270437357
7.0,5.0,70.0,44.8535489203,-0.6066587817,500.0,196.24468253217947
1.0,1.0,0.0,44.8450317712,-0.5899865196,0.0,44.32113912426394
2.0,1.0,0.0,44.8451954753,-0.5798909461,0.0,51.01029318480323
4.0,1.0,25.0,44.8400235633,-0.5793128021,300.0,82.32785665783285
4.0,1.0,35.0,44.838928984,-0.5796335203,350.0,86.65954142434384
5.0,2.0,55.0,44.8369787523,-0.5760337109,454.0,119.07491827183185
3.0,1.0,0.0,44.8621606846,-0.5619489224,350.0,68.49866999850019
4.0,2.0,50.0,44.8636948292,-0.5603091627,500.0,112.16610551448593
6.0,2.0,0.0,44.8387268857,-0.5727360759,0.0,97.66031914498853
2.0,0.0,0.0,44.8394584663,-0.5567620552,300.0,38.95947907123809
4.0,2.0,0.0,44.8340596212,-0.575598177,200.0,86.63091542697202
4.0,1.0,0.0,44.8345164145,-0.5634805173,200.0,68.84741253726861
1.0,1.0,0.0,44.8392334799,-0.5587188782,0.0,38.98559733150887
4.0,2.0,25.0,44.855874987,-0.5664859951,500.0,104.2719536814293
2.0,0.0,15.0,44.8342043859,-0.5631566289,250.0,42.386500145991704
4.0,2.0,30.0,44.8365042751,-0.5711772966,500.0,103.75466911723106
2.0,1.0,0.0,44.8430223917,-0.5850604198,300.0,59.647948125885705
2.0,1.0,30.0,44.8584251782,-0.5618808457,500.0,73.15639825953804
4.0,2.0,40.0,44.8162273063,-0.5698008276,300.0,98.30481035416506
2.0,1.0,50.0,44.8258501029,-0.5693245544,100.0,64.85524459491808
4.0,3.0,0.0,44.8380973467,-0.5749425815,500.0,111.39990475059767
8.0,3.0,50.0,44.8492197782,-0.545316481,1000.0,170.21650014416173
4.0,1.0,0.0,44.8423742944,-0.581154698,1500.0,108.03053195625125
4.0,2.0,50.0,44.8353354089,-0.5699600937,500.0,109.56098048966305
4.0,2.0,40.0,44.8462984921,-0.5958010399,450.0,110.40111270325087
2.0,1.0,0.0,44.8376031894,-0.5676157076,0.0,48.165917063513916
7.0,4.0,0.0,44.8139421815,-0.5631408951,400.0,144.0270018277397
6.0,3.0,50.0,44.8361104262,-0.5692964672,800.0,150.1181778178625
4.0,1.0,0.0,44.8426289717,-0.5833257105,0.0,67.39413070679893
2.0,1.0,0.0,44.8315066821,-0.5702303124,0.0,47.68389715063495
2.0,1.0,90.0,44.8487716228,-0.5853804068,800.0,101.82863876868396
2.0,1.0,0.0,44.841094692,-0.5807864625,0.0,50.56134532390115
6.0,2.0,30.0,44.8388313919,-0.5871052871,200.0,114.43658192146268
2.0,1.0,0.0,44.851666007,-0.5743438544,200.0,56.58615352163815
2.0,1.0,0.0,44.817166066,-0.5756622003,0.0,46.44626263452483
4.0,1.0,0.0,44.8403608275,-0.5711390608,0.0,65.31342585711445
2.0,1.0,0.0,44.8332618559,-0.5599330833,0.0,46.44360523912201
6.0,2.0,0.0,44.8334717896,-0.5914353093,1000.0,126.94500402043468
2.0,1.0,0.0,44.8408556026,-0.5484676774,0.0,45.85794794866797
4.0,2.0,0.0,44.8394595777,-0.5683416341,0.0,80.87919465764753
4.0,2.0,0.0,44.8284182851,-0.5382718796,0.0,74.97730530497574
4.0,2.0,40.0,44.8453386476,-0.5714195503,0.0,94.44710933490296
5.0,3.0,0.0,44.8210659447,-0.5745319535,600.0,119.79576780151729
4.0,1.0,0.0,44.8362817612,-0.5724508868,0.0,64.92769253806637
4.0,2.0,30.0,44.8594314685,-0.5585574704,300.0,99.6999090559948
2.0,1.0,0.0,44.8391763725,-0.5731155342,0.0,49.182444529727945
2.0,1.0,25.0,44.8410856493,-0.5817024401,500.0,72.03820608734804
2.0,1.0,0.0,44.8390248452,-0.5596259273,0.0,47.2119874149239
4.0,2.0,30.0,44.8328854483,-0.5641126081,300.0,96.75873722720644
2.0,1.0,25.0,44.83992557,-0.5800533686,250.0,64.80532664768543
4.0,2.0,0.0,44.8509137528,-0.5788625634,0.0,84.01474176880492
7.0,3.0,60.0,44.8257522951,-0.5732813749,700.0,157.6989983081594
8.0,4.0,0.0,44.8385483483,-0.5971560082,0.0,149.60717706173727
6.0,2.0,50.0,44.8308015145,-0.5705841332,1000.0,138.92323930885868
2.0,1.0,20.0,44.8376290556,-0.5714790871,400.0,65.80440778351931
2.0,1.0,20.0,44.835739447,-0.5716191954,0.0,54.62855648304776
3.0,1.0,20.0,44.838340706,-0.5709620834,300.0,71.2224280913315
3.0,1.0,8.0,44.8251820657,-0.5765264046,150.0,62.38380621324359
3.0,1.0,20.0,44.8452049461,-0.5809431613,0.0,65.43544726599521
2.0,1.0,10.0,44.8412259932,-0.5600299562,300.0,58.85151135911019
2.0,1.0,0.0,44.84971441,-0.5727018067,0.0,50.6088602114196
3.0,1.0,25.0,44.8499765757,-0.5833120032,300.0,76.184624497203
2.0,1.0,0.0,44.8534825462,-0.5704731812,0.0,50.81827604526916
4.0,0.0,0.0,44.8360521336,-0.5693894624,0.0,48.35590052082625
3.0,2.0,0.0,44.838695156,-0.5975274782,300.0,85.0608373508312
2.0,1.0,30.0,44.8372133027,-0.5771952762,500.0,72.37760960895412
4.0,2.0,0.0,44.8253702852,-0.5570647266,0.0,77.26278338899738
8.0,3.0,60.0,44.8389436037,-0.5772655777,2000.0,203.7810168888418
2.0,1.0,0.0,44.8319524336,-0.5723936307,100.0,50.79173603469917
2.0,1.0,5.0,44.8467143721,-0.5985266778,0.0,55.45390327438054
2.0,1.0,0.0,44.8437886058,-0.5926275035,0.0,52.652160736265614
2.0,1.0,5.0,44.8394613618,-0.5736770698,200.0,56.305330083111585
2.0,1.0,5.0,44.8210581228,-0.5763722571,0.0,48.63451701899794
6.0,2.0,75.0,44.8459400797,-0.5769143412,400.0,133.2622772588211
4.0,1.0,30.0,44.8252371885,-0.5592206652,300.0,78.87619694840942
2.0,1.0,0.0,44.8155097964,-0.5543217651,150.0,47.22783911521765
4.0,2.0,50.0,44.8420973178,-0.5829730299,400.0,109.66243559431769
4.0,1.0,50.0,44.8420715007,-0.5798782726,400.0,93.11457105496083
2.0,0.0,0.0,44.852989805,-0.5727272017,0.0,34.97739501608885
4.0,1.0,40.0,44.8330874915,-0.5644904912,400.0,86.55067821672583
4.0,2.0,0.0,44.8262795305,-0.57768209,0.0,80.3699781892401
6.0,2.0,0.0,44.8398282129,-0.5768507904,1000.0,125.73417070040159
6.0,3.0,30.0,44.8380923204,-0.5736221662,400.0,133.94606838123855
4.0,1.0,30.0,44.8404052531,-0.5716604403,500.0,88.27756999622852
2.0,1.0,0.0,44.8379274052,-0.5757098074,450.0,61.676943613263575
4.0,1.0,10.0,44.8375485124,-0.5697361,700.0,86.91440667370716
5.0,2.0,30.0,44.8304626666,-0.571664241,0.0,97.4357251594447
4.0,1.0,9.0,44.8456863087,-0.5804867532,250.0,77.01227983232184
4.0,1.0,45.0,44.8391645895,-0.5726568667,0.0,79.19483991485959
4.0,1.0,0.0,44.8457808464,-0.5803104521,700.0,86.52977717360227
4.0,1.0,29.0,44.8356894523,-0.5762600441,1000.0,101.63173160981114
2.0,1.0,0.0,44.8276851752,-0.5935164418,0.0,50.509512061317764
2.0,1.0,45.0,44.8328490461,-0.5721207671,400.0,72.90677824155136
4.0,2.0,20.0,44.8317936272,-0.5808474109,350.0,97.31542057033221
6.0,1.0,30.0,44.8455465241,-0.5805177423,400.0,103.79953750555887
6.0,2.0,0.0,44.8520251441,-0.5862516602,0.0,101.4886318004319
2.0,1.0,0.0,44.8375908104,-0.5916176228,0.0,51.632161174622524
6.0,2.0,30.0,44.8320043137,-0.5685571707,200.0,110.7937682267393
2.0,1.0,0.0,44.8370958334,-0.5717603452,100.0,51.42561480960558
2.0,1.0,20.0,44.8273008973,-0.5644431187,500.0,66.06359989858629
4.0,1.0,0.0,44.8396841326,-0.5694074715,500.0,78.62979802531208
3.0,1.0,20.0,44.8469029419,-0.5787196079,200.0,70.8184416720942
6.0,2.0,0.0,44.8387393498,-0.5846947363,0.0,99.38996050420883
2.0,1.0,0.0,44.8471812206,-0.5942097041,0.0,53.35923508947599
2.0,1.0,0.0,44.831126538,-0.5677896025,250.0,54.108632159551235
2.0,1.0,0.0,44.8568906428,-0.6147355503,0.0,57.6943081664831
2.0,1.0,0.0,44.8465170367,-0.5806726095,1000.0,78.63361862538295
6.0,3.0,0.0,44.8346297439,-0.5679783509,1000.0,139.81612983061495
2.0,1.0,0.0,44.8505589385,-0.5696968861,0.0,50.293790142683974
2.0,1.0,0.0,44.8221465664,-0.565052443,0.0,45.61568651350444
4.0,2.0,0.0,44.8539300995,-0.5726930916,1000.0,110.87272920703344
7.0,3.0,20.0,44.8295526271,-0.5741036146,500.0,140.59490877183362
2.0,1.0,0.0,44.8352872036,-0.573773833,150.0,52.82766625032855
4.0,1.0,0.0,44.8532676372,-0.5846853514,700.0,88.21777056099472
4.0,1.0,15.0,44.8345378986,-0.5702290398,400.0,79.90059600706172
4.0,1.0,0.0,44.8316539111,-0.5832356691,150.0,69.93189286309007
2.0,0.0,0.0,44.8323025965,-0.5633944246,0.0,30.711373916008597
2.0,0.0,30.0,44.8371921136,-0.5749572213,500.0,55.9541810227538
4.0,1.0,15.0,44.8311755513,-0.5943604604,0.0,71.9835002274358
2.0,1.0,10.0,44.840454954,-0.5813242713,300.0,61.819544686766676
2.0,1.0,0.0,44.8226857412,-0.5714869502,0.0,46.621436501788594
5.0,2.0,40.0,44.8573568424,-0.5783041746,700.0,124.38835661697794
3.0,1.0,25.0,44.8432624048,-0.5714945071,300.0,73.53022848578166
2.0,1.0,10.0,44.8410588229,-0.5714104449,0.0,52.275078899670916
1.0,1.0,10.0,44.817963318,-0.5506429114,200.0,43.35727085777489
3.0,1.0,0.0,44.8414836079,-0.581596158,400.0,69.78754348038456
4.0,1.0,0.0,44.8340757314,-0.5811035477,250.0,72.69777982130654
2.0,1.0,25.0,44.83795989,-0.5889581325,300.0,67.18093612630491
3.0,2.0,0.0,44.8285510829,-0.5560965103,0.0,69.44672373571484
2.0,1.0,10.0,44.8364282577,-0.5684958776,200.0,56.665704128603466
10.0,6.0,100.0,44.848072993,-0.592213538,2500.0,297.72512657340303
1.0,1.0,0.0,44.8418588892,-0.5763630054,100.0,44.637628344198674
2.0,1.0,0.0,44.8224864304,-0.5624049921,0.0,45.281092995310246
2.0,1.0,0.0,44.8526472094,-0.6097884127,0.0,56.38104847277464
2.0,0.0,0.0,44.8288888764,-0.5753083968,200.0,37.41615930002172
1.0,1.0,0.0,44.8450977262,-0.5487962452,0.0,38.378938397744605
4.0,1.0,8.0,44.82891332,-0.5956963043,200.0,75.17080824495952
6.0,3.0,0.0,44.8428105747,-0.5634684455,500.0,126.65625517989065
6.0,3.0,0.0,44.860269904,-0.5703552708,0.0,116.45163172339926
4.0,2.0,0.0,44.8654055904,-0.5730562237,500.0,98.88160082804643
2.0,1.0,35.0,44.8389247548,-0.5741107317,500.0,73.71005567772045
3.0,2.0,0.0,44.8327304931,-0.5736377234,0.0,72.57064756548607
2.0,1.0,0.0,44.8520666825,-0.5761374372,500.0,65.09901346043353
4.0,1.0,0.0,44.837014456,-0.5708830816,0.0,64.8044964068431
3.0,1.0,5.0,44.8283038803,-0.5781668174,150.0,62.13904577232461
7.0,4.0,60.0,44.8475454601,-0.5467432039,1500.0,194.89434091665225
2.0,1.0,0.0,44.8525710809,-0.5787380879,0.0,51.88391106026302
4.0,1.0,30.0,44.8428728504,-0.5808372484,300.0,84.4867173051689
2.0,1.0,0.0,44.8394052811,-0.574914649,0.0,49.47467842430433
2.0,1.0,0.0,44.8444011363,-0.5809999253,400.0,61.98810176989173
3.0,1.0,30.0,44.8475584486,-0.5831420139,300.0,77.35578855887798
4.0,1.0,0.0,44.8654344476,-0.572618144,0.0,69.0633038789747
5.0,3.0,0.0,44.8720074867,-0.5486497388,1000.0,134.1700560057061
2.0,1.0,0.0,44.8404618254,-0.5781949434,0.0,50.0976477075219
5.0,1.0,50.0,44.8456169439,-0.5788279076,3500.0,186.29198961905604
4.0,2.0,0.0,44.8332633889,-0.5759440395,300.0,89.30099493007765
2.0,1.0,0.0,44.8440904126,-0.5926169542,0.0,52.69320072915616
3.0,1.0,15.0,44.8490409519,-0.5728069128,800.0,85.12329873282124
4.0,2.0,0.0,44.8364867972,-0.5709541854,0.0,80.83742165567128
4.0,2.0,0.0,44.8521606797,-0.5739148568,200.0,88.94051370321722
2.0,1.0,0.0,44.8383777811,-0.5732609123,0.0,49.09082345120896
1.0,1.0,0.0,44.8622075567,-0.5775542791,0.0,44.94715429745429
2.0,1.0,0.0,44.8569136535,-0.5706513777,0.0,51.32791723479295
4.0,1.0,0.0,44.8302153387,-0.5895543506,800.0,88.40258471430298
4.0,3.0,30.0,44.8340755657,-0.5704197846,0.0,105.73776005302079
4.0,1.0,0.0,44.8394803064,-0.5799827253,500.0,80.12904993414122
2.0,0.0,0.0,44.8427178643,-0.5718085311,500.0,47.05799311036208
2.0,1.0,5.0,44.860345014,-0.564747931,0.0,52.495626738587816
5.0,3.0,0.0,44.8354451418,-0.5769100921,0.0,105.77289730960001
2.0,1.0,40.0,44.8349951016,-0.5714783426,500.0,74.3122597245756
2.0,1.0,7.0,44.8252403587,-0.5549597386,0.0,46.745193567294336
3.0,1.0,0.0,44.8408463686,-0.5607533536,250.0,62.587536129744876
4.0,1.0,0.0,44.8574033391,-0.5618785543,300.0,74.57612370896186
2.0,1.0,20.0,44.842578641,-0.5917092963,200.0,63.960677769281574
2.0,0.0,10.0,44.8563922768,-0.5776814532,100.0,41.978995603083604
5.0,3.0,40.0,44.8539730613,-0.584536533,0.0,121.78190463735064
3.0,1.0,0.0,44.841164103,-0.5740124799,700.0,76.84393320898653
2.0,1.0,0.0,44.8514880066,-0.5735763719,700.0,70.1121591939991
5.0,2.0,0.0,44.8675576894,-0.54997797,0.0,90.31333751341026
2.0,0.0,0.0,44.8377332085,-0.5681105952,400.0,43.08829221545511
4.0,1.0,0.0,44.8403303259,-0.5704992933,500.0,78.87868678564064
2.0,1.0,30.0,44.8321947772,-0.5847458492,300.0,67.29600687162747
2.0,1.0,0.0,44.8413587091,-0.5561549368,200.0,52.5044194453485
6.0,1.0,80.0,44.8428811889,-0.5896392258,600.0,125.57396118189718
2.0,1.0,0.0,44.843985272,-0.5916129531,0.0,52.533306439560874
4.0,2.0,10.0,44.8296143609,-0.5834841713,450.0,97.04794144875814
6.0,3.0,0.0,44.8457603943,-0.5504098314,1700.0,157.97426201391863
6.0,4.0,50.0,44.8501780646,-0.5820587091,300.0,156.3812149464393
4.0,3.0,60.0,44.8388605704,-0.5517911234,500.0,126.6035227297607
6.0,2.0,25.0,44.8366624691,-0.5715780648,0.0,104.8856396590636
4.0,2.0,15.0,44.8578076734,-0.6358536705,90.0,100.29096750343524
3.0,1.0,30.0,44.8353863129,-0.5676337173,500.0,78.86317201641123
1.0,1.0,0.0,44.8516847704,-0.570847732,100.0,45.22649519135939
4.0,1.0,0.0,44.8546879096,-0.5853863601,200.0,74.85735959938847
2.0,1.0,0.0,44.875675891,-0.5723437277,0.0,54.21850652916146
4.0,1.0,30.0,44.8590590373,-0.5668577455,500.0,90.21440760600217
4.0,3.0,65.0,44.8427224401,-0.6092421785,750.0,143.81691670649252
5.0,3.0,0.0,44.8421450551,-0.5730715638,0.0,106.16317410506599
2.0,1.0,15.0,44.8518533344,-0.5907286611,250.0,64.95645361516927
2.0,0.0,0.0,44.856255195,-0.5825978842,0.0,36.86411326801772
5.0,2.0,20.0,44.8453409413,-0.5806783174,700.0,116.88974281947503
2.0,1.0,5.0,44.8518955298,-0.5758356566,0.0,52.90602786647014
4.0,0.0,10.0,44.8325416115,-0.5728063973,0.0,51.42802762894189
2.0,1.0,0.0,44.8347020556,-0.5667012477,200.0,53.08943807280775
4.0,1.0,0.0,44.845865404,-0.5998433639,0.0,70.23717288130229
2.0,1.0,0.0,44.8233488259,-0.5835704218,0.0,48.46086953318081
3.0,0.0,30.0,44.8335123641,-0.5803384972,500.0,64.33750717562543
4.0,2.0,40.0,44.8389267107,-0.6127688929,500.0,113.17931206689991
2.0,1.0,0.0,44.8305826062,-0.5668880357,0.0,47.07065437188248
2.0,1.0,0.0,44.8404230742,-0.5698321298,500.0,62.54585730723193
5.0,2.0,30.0,44.8419235953,-0.5716358017,500.0,112.70996840715998
2.0,0.0,0.0,44.8517960394,-0.5915152992,0.0,37.52369214500595
2.0,1.0,5.0,44.8570304286,-0.569587262,0.0,52.727391565276776
2.0,0.0,0.0,44.8326753685,-0.5650164891,0.0,30.998315417035883
2.0,1.0,5.0,44.8224988026,-0.5775928287,0.0,49.014056143882044
4.0,2.0,20.0,44.835016397,-0.5672465455,0.0,86.2413688734041
6.0,3.0,60.0,44.855625289,-0.5781746186,0.0,135.367485918895
2.0,1.0,0.0,44.8423500629,-0.5769706609,500.0,63.849055697368385
4.0,2.0,0.0,44.8192095543,-0.576394016,0.0,79.18677812581882
1.0,1.0,0.0,44.8329099332,-0.5813226949,0.0,41.35975999170023
1.0,1.0,0.0,44.8326633268,-0.5789555438,0.0,40.982955693628355
4.0,1.0,0.0,44.8657968121,-0.5720110324,300.0,77.22388910909649
2.0,1.0,0.0,44.8648098906,-0.5758671495,0.0,53.19515144245179
8.0,4.0,50.0,44.8294723064,-0.591822033,1500.0,203.91005220453644
2.0,0.0,25.0,44.8404233007,-0.5787273188,500.0,55.417856580967964
2.0,1.0,15.0,44.8319379284,-0.5798265427,200.0,59.20632971298528
2.0,1.0,35.0,44.8512087764,-0.5837636439,500.0,76.83721911801058
2.0,1.0,0.0,44.8240101049,-0.5753959069,0.0,47.37301092474536
4.0,2.0,0.0,44.8288578709,-0.5583907778,0.0,77.9462410953347
1.0,1.0,0.0,44.8398452908,-0.5742788443,200.0,46.78491160815156
2.0,1.0,0.0,44.8400140001,-0.5846285836,0.0,50.964074401923426
4.0,1.0,0.0,44.836043211,-0.5682270605,0.0,64.28375703696747
2.0,1.0,0.0,44.8334598075,-0.5649355034,0.0,47.1943125625412
4.0,2.0,0.0,44.8265980957,-0.5697416956,0.0,79.26761378260471
6.0,3.0,0.0,44.8585270218,-0.5665949103,0.0,115.66250341859268
4.0,1.0,20.0,44.8380169182,-0.5749000226,300.0,79.87050537214691
2.0,0.0,0.0,44.8574798817,-0.5732567616,0.0,35.68715197345409
2.0,1.0,30.0,44.8412416031,-0.5721270525,300.0,66.74862821152601
4.0,2.0,0.0,44.837646027,-0.5700398772,500.0,94.53080423889605
1.0,1.0,0.0,44.8502972021,-0.5856109628,0.0,44.431514633004554
2.0,1.0,17.0,44.8373869686,-0.5780655617,450.0,67.16607849809134
4.0,2.0,50.0,44.8358654897,-0.5821679292,1000.0,125.06162626138484
4.0,2.0,25.0,44.8364454677,-0.5703996788,150.0,92.53386061046058
2.0,0.0,0.0,44.8545383996,-0.5781354322,300.0,44.1744210121733
2.0,0.0,0.0,44.8421253125,-0.5807166314,0.0,34.5995373662945
2.0,1.0,5.0,44.8241991095,-0.597456564,0.0,52.12392522747359
4.0,2.0,0.0,44.8414627364,-0.5707260523,0.0,81.5062229053492
2.0,0.0,0.0,44.8222320189,-0.5747723325,0.0,30.93507781936114
2.0,1.0,10.0,44.8325580199,-0.5631071188,0.0,49.87646720435623
1.0,1.0,0.0,44.8329116353,-0.5740572202,0.0,40.310225764854295
3.0,1.0,0.0,44.8586039026,-0.5664263047,0.0,59.080579273450894
4.0,2.0,0.0,44.8379173294,-0.5729931283,100.0,84.06617479825672
3.0,1.0,0.0,44.8653609108,-0.5736274985,300.0,69.27121699227791
2.0,0.0,0.0,44.8118668628,-0.5723315354,0.0,29.120599151518945
2.0,1.0,0.0,44.8333189921,-0.5722931744,0.0,48.23754870722041
2.0,1.0,0.0,44.8257312104,-0.5704466458,0.0,46.9006317838448
3.0,1.0,0.0,44.8319573043,-0.5613816718,0.0,54.59368258140421
2.0,1.0,0.0,44.843895673,-0.5801465238,500.0,64.52590951953516
4.0,1.0,40.0,44.8390932648,-0.5801143486,300.0,86.9227413608005
5.0,1.0,20.0,44.8146303521,-0.5629143201,200.0,80.23283012526554
2.0,0.0,0.0,44.8431362167,-0.5808498749,400.0,45.69095980878046
4.0,2.0,30.0,44.8523588913,-0.57220676,0.0,92.47741189541102
5.0,1.0,30.0,44.8415975212,-0.5728762523,1500.0,124.07014667890326
4.0,1.0,15.0,44.8376964738,-0.5812056187,200.0,76.46723828290123
4.0,1.0,0.0,44.8362001842,-0.5686148941,0.0,64.36193251064287
4.0,2.0,0.0,44.8426691222,-0.5709147816,0.0,81.70363033290232
2.0,1.0,0.0,44.8297344818,-0.5671223086,100.0,49.717292094816
2.0,1.0,0.0,44.8523198167,-0.5846459353,400.0,63.63168936549209
2.0,1.0,0.0,44.8229550062,-0.5820982299,0.0,48.19261444501535
4.0,2.0,30.0,44.8429947146,-0.5807031879,600.0,108.77880273613573
4.0,1.0,30.0,44.8363273668,-0.5771224276,200.0,80.29445098755332
4.0,1.0,20.0,44.8302882961,-0.5691998096,0.0,69.75971335801569
2.0,0.0,0.0,44.8352953918,-0.5779511821,0.0,33.23672959304349
2.0,1.0,20.0,44.8516282049,-0.5735609604,500.0,70.8119337360231
4.0,1.0,0.0,44.8328942579,-0.5885824967,0.0,66.7807730156037
3.0,1.0,0.0,44.8331660973,-0.5726199628,0.0,56.387959130310264
2.0,1.0,0.0,44.833473547,-0.5708177878,800.0,69.90537226414017
5.0,3.0,0.0,44.8514973663,-0.5817134982,250.0,115.56180074733493
4.0,1.0,0.0,44.8521272545,-0.5688879989,0.0,66.64761018485297
4.0,2.0,0.0,44.8291376223,-0.5647602523,500.0,92.56800915718486
4.0,1.0,25.0,44.8467104662,-0.5878021091,0.0,76.30032264653073
4.0,2.0,0.0,44.8551893032,-0.5666826771,0.0,82.85788067185513
2.0,1.0,10.0,44.8291929117,-0.5759826073,0.0,51.26223546082838
2.0,1.0,0.0,44.8760357422,-0.5518306008,0.0,51.30535513539235
4.0,1.0,0.0,44.8328695547,-0.5738278634,0.0,64.6454208847872
4.0,2.0,0.0,44.8354685447,-0.5733827208,0.0,81.0447104085415
2.0,1.0,0.0,44.83722214,-0.5758512127,0.0,49.30210920464651
2.0,1.0,0.0,44.825919932,-0.5581189037,0.0,45.14603603362593
4.0,1.0,10.0,44.8389848989,-0.5732926067,0.0,68.50405309756752
4.0,2.0,0.0,44.8503755628,-0.5701160094,500.0,96.33706890446592
3.0,0.0,15.0,44.8358419322,-0.5723338179,200.0,50.70199600757496
4.0,2.0,0.0,44.8499892616,-0.5996112505,1000.0,114.20629956003177
3.0,1.0,15.0,44.8468074532,-0.5785415787,300.0,71.97489457181291
2.0,1.0,0.0,44.8375323899,-0.5814229162,150.0,54.24950917658043
2.0,0.0,0.0,44.8211423724,-0.5722484831,150.0,34.51533776084125
3.0,1.0,0.0,44.8377949796,-0.5718427671,100.0,59.66088174309152
4.0,2.0,20.0,44.8201791625,-0.5717651178,300.0,92.99893319273815
6.0,2.0,30.0,44.8408756434,-0.572742305,500.0,120.84680714504611
8.0,3.0,100.0,44.8398071985,-0.6047631799,0.0,165.52193934768275
4.0,1.0,10.0,44.8398326527,-0.5728593145,200.0,74.0258080204976
2.0,1.0,0.0,44.8218624444,-0.5519477162,1000.0,71.00614269832295
4.0,1.0,20.0,44.8406703738,-0.5721111277,400.0,82.57416426223426
4.0,2.0,0.0,44.8509909698,-0.5707371184,0.0,82.8516020830557
5.0,2.0,15.0,44.853482807,-0.5668255969,200.0,100.83769034832767
2.0,1.0,10.0,44.8282808916,-0.5750905333,200.0,56.46951848898243
4.0,2.0,0.0,44.823085099,-0.5508483649,1000.0,103.36631309949735
4.0,1.0,30.0,44.8282589102,-0.5750436138,200.0,78.85618136614357
2.0,1.0,0.0,44.848049008,-0.5959795193,0.0,53.73733752445696
2.0,1.0,5.0,44.8247680745,-0.562895533,0.0,47.21051117017305
2.0,0.0,30.0,44.849041081,-0.5961378756,500.0,60.68560913710007
6.0,2.0,100.0,44.8374380365,-0.6063006353,2000.0,187.7113816759611
2.0,1.0,0.0,44.8528487547,-0.6310610212,300.0,67.6803112491616
3.0,2.0,0.0,44.8540610681,-0.5709588285,0.0,75.1918604824723
5.0,1.0,20.0,44.8237591192,-0.5637442915,300.0,84.37259430934319
4.0,2.0,25.0,44.8395069816,-0.5691620163,1000.0,116.01220514342185
2.0,1.0,0.0,44.8684894006,-0.5510666949,0.0,50.1307086115512
2.0,1.0,0.0,44.8326257483,-0.5725134734,100.0,50.90401039907556
4.0,2.0,20.0,44.832488592,-0.5723999911,0.0,86.6294802610555
2.0,1.0,0.0,44.8517572395,-0.5719885533,0.0,50.79390675723698
4.0,2.0,50.0,44.8470783352,-0.5836841432,250.0,106.3690624997489
9.0,5.0,60.0,44.8413348628,-0.5903123503,0.0,191.67424931294136
2.0,0.0,0.0,44.8613719798,-0.5864044017,150.0,42.23433738388394
2.0,0.0,15.0,44.8463263769,-0.5803793187,0.0,39.75355390473487
3.0,1.0,0.0,44.8525953834,-0.5704073609,0.0,58.80840434608763
2.0,1.0,9.0,44.8804864356,-0.5503629599,0.0,54.48714943626328
2.0,1.0,20.0,44.8412178974,-0.5699771797,500.0,68.82593982997241
4.0,1.0,5.0,44.8414869312,-0.5938864166,200.0,75.76052087892185
4.0,1.0,0.0,44.8252107913,-0.5695664051,0.0,62.94956482687576
6.0,3.0,70.0,44.8229572714,-0.5667317695,200.0,137.64522944405508
4.0,1.0,60.0,44.8662968,-0.5733119115,500.0,101.38825365466982
3.0,1.0,8.0,44.8421228848,-0.5881603916,500.0,76.0173669998967
5.0,2.0,35.0,44.8582641458,-0.566100982,300.0,110.2867409178707
4.0,1.0,40.0,44.8252501696,-0.5515849514,500.0,86.31307358923641
2.0,1.0,0.0,44.8245637664,-0.5539864464,0.0,44.35768337763329
2.0,1.0,0.0,44.8249258421,-0.5521890224,0.0,44.14904113674402
2.0,0.0,0.0,44.8600898596,-0.5677330915,0.0,35.25713653002822
2.0,1.0,0.0,44.8338863378,-0.5875820656,0.0,50.5266243612823
2.0,0.0,0.0,44.8399446388,-0.5806251382,0.0,34.27877419012111
4.0,2.0,0.0,44.8382868823,-0.587468311,0.0,83.47738402422237
4.0,1.0,30.0,44.8399202466,-0.5701839051,100.0,77.06622605242137
2.0,1.0,0.0,44.8274349437,-0.5568918572,0.0,45.182406723703934
4.0,1.0,0.0,44.8333323679,-0.5853655449,150.0,70.47634960652977
2.0,1.0,0.0,44.8385313362,-0.5583414175,0.0,46.956790824283416
2.0,0.0,0.0,44.838638349,-0.5795900605,400.0,44.87459102646517
4.0,1.0,15.0,44.8410018356,-0.5723550775,0.0,70.18980014776571
4.0,1.0,15.0,44.858417297,-0.5655240941,1200.0,104.44773516353052
4.0,2.0,15.0,44.8229298582,-0.5632953394,600.0,98.82352938178792
4.0,0.0,0.0,44.8364912041,-0.5770570982,500.0,63.18770637677517
4.0,1.0,30.0,44.8373223696,-0.5718114707,500.0,87.8646086556746
6.0,2.0,0.0,44.8207461594,-0.5494608371,300.0,99.95867877538694
4.0,1.0,30.0,44.8453434159,-0.6159774542,500.0,95.37728504245388
4.0,3.0,0.0,44.8307160648,-0.5844286578,150.0,102.16613581744332
2.0,1.0,0.0,44.844441207,-0.5502294675,0.0,46.618188435416414
3.0,1.0,0.0,44.845063885,-0.5487762112,0.0,54.620783800758545
2.0,1.0,20.0,44.8221923073,-0.5652269714,1000.0,79.11838693165919
2.0,1.0,0.0,44.8354464178,-0.5995900246,0.0,52.481651242558655
2.0,1.0,0.0,44.8357633582,-0.5737715301,0.0,48.795885855372944
2.0,1.0,0.0,44.8212969329,-0.5806659213,0.0,47.751822540388275
2.0,1.0,0.0,44.8328570303,-0.5735845461,300.0,56.556186182334386
2.0,1.0,20.0,44.8532207443,-0.6095601525,0.0,62.57598354435322
2.0,1.0,5.0,44.830066569,-0.5739187899,0.0,49.55049425904963
2.0,0.0,0.0,44.8334109788,-0.5622734864,0.0,30.705728467009976
2.0,1.0,0.0,44.8174887694,-0.5636534661,0.0,44.75665535703229
2.0,1.0,0.0,44.8227181751,-0.5669226024,0.0,45.9665169845739
4.0,0.0,60.0,44.8416481404,-0.5718393891,500.0,81.60218830386202
2.0,1.0,5.0,44.8314825941,-0.5657303784,100.0,51.299470944241875
4.0,1.0,0.0,44.8618168271,-0.5635917594,250.0,74.0799017039053
2.0,1.0,0.0,44.8290077251,-0.5734871451,0.0,47.802039111854356
2.0,1.0,20.0,44.8322549894,-0.5758419957,0.0,54.747282673644804
2.0,1.0,0.0,44.8214062863,-0.5825330084,0.0,48.03701658081627
4.0,1.0,23.0,44.8505623791,-0.5898188967,350.0,86.08366309971734
2.0,1.0,0.0,44.8580580425,-0.5675030665,0.0,51.03441868901609
2.0,1.0,0.0,44.8665958786,-0.547773715,0.0,49.38786627408717
3.0,1.0,0.0,44.8450035454,-0.5786240877,0.0,58.92493551287407
7.0,4.0,25.0,44.8300609243,-0.5996789251,1101.0,178.41747249686978
2.0,0.0,0.0,44.8384942319,-0.5735583178,180.0,37.971470639518884
2.0,1.0,0.0,44.8488388014,-0.6045384117,0.0,55.085380885409904
2.0,1.0,0.0,44.8258359071,-0.5589741257,0.0,45.25775524256096
4.0,1.0,0.0,44.8389174864,-0.5727687023,200.0,70.81013368860204
2.0,1.0,5.0,44.8546049407,-0.5807906177,0.0,54.004072595464095
6.0,2.0,0.0,44.8413162968,-0.5891948559,0.0,100.40360449998752
2.0,1.0,0.0,44.8282987691,-0.5606357017,0.0,45.845174037686775
6.0,3.0,130.0,44.8441084264,-0.5896877036,1500.0,197.90735705022962
4.0,1.0,40.0,44.8262290965,-0.5790626149,300.0,84.95652652403078
1.0,1.0,0.0,44.8408379041,-0.5983720147,0.0,44.94127594488782
3.0,1.0,0.0,44.826262963,-0.5746336168,0.0,55.70534925895572
2.0,0.0,0.0,44.8379733196,-0.5683054161,200.0,37.68550416767175
6.0,2.0,30.0,44.8501989082,-0.6108600335,500.0,127.66923667744504
2.0,1.0,20.0,44.853253786,-0.5714826598,400.0,68.0085018654845
6.0,1.0,0.0,44.8407613015,-0.5712241343,1000.0,108.95571286869745
4.0,2.0,20.0,44.8421901133,-0.5751310555,500.0,102.05430710032488
4.0,2.0,45.0,44.8416907501,-0.5708849033,500.0,109.05414982551792
4.0,2.0,5.0,44.8269532373,-0.5678011232,200.0,86.03886830684132
1.0,1.0,0.0,44.8365854887,-0.5674735356,0.0,39.877090762007356
4.0,2.0,15.0,44.8387504007,-0.6211054329,200.0,98.47798952964513
1.0,1.0,0.0,44.8298168128,-0.6096261393,0.0,45.0130423464725
2.0,1.0,0.0,44.8403886769,-0.5716883035,0.0,49.14719975550361
2.0,1.0,0.0,44.8221282104,-0.5821532523,0.0,48.08396034104044
7.0,3.0,150.0,44.8474398154,-0.580388097,1000.0,197.6432900386726
4.0,1.0,25.0,44.8272414586,-0.5969723117,800.0,96.73876780778028
2.0,1.0,15.0,44.8370060345,-0.5691552246,400.0,63.84401449652523
8.0,4.0,0.0,44.822158313,-0.5654469965,500.0,156.3760952405937
2.0,1.0,0.0,44.8380907901,-0.5686153708,0.0,48.37912346826488
6.0,2.0,30.0,44.8186646032,-0.5630757885,500.0,116.31765654562241
4.0,1.0,0.0,44.8345902126,-0.5794821949,200.0,71.16987159137898
6.0,1.0,20.0,44.8311931031,-0.6031330468,300.0,99.23698043834429
2.0,1.0,0.0,44.8458389001,-0.6026913362,0.0,54.39542021563739
3.0,1.0,15.0,44.8603471966,-0.5683991055,600.0,80.61615841156254
10.0,5.0,100.0,44.8302167265,-0.5811206748,700.0,228.32377282115885
6.0,3.0,50.0,44.8235122345,-0.5832549205,500.0,142.16106587455488
8.0,3.0,0.0,44.8401622564,-0.5841703879,0.0,131.86145377684807
2.0,1.0,0.0,44.8395999659,-0.5704877616,0.0,48.86250276667306
2.0,1.0,0.0,44.8233341071,-0.5937672059,300.0,58.129308000231504
4.0,0.0,0.0,44.8310162026,-0.5722600252,150.0,52.15903847030586
4.0,1.0,25.0,44.842448201,-0.585425941,1500.0,116.34188556272693
5.0,1.0,40.0,44.8470438922,-0.5390209794,1000.0,109.3580870937385
2.0,1.0,15.0,44.8409675184,-0.5736773412,200.0,59.591299448398786
6.0,3.0,50.0,44.8541204123,-0.5802234313,0.0,132.3777652269364
4.0,2.0,0.0,44.8379739761,-0.5707773932,200.0,86.48641679155025
2.0,0.0,0.0,44.8369268605,-0.5671898395,0.0,31.911932521084964
4.0,1.0,5.0,44.8672910867,-0.6311080149,0.0,79.3129931269068
3.0,1.0,15.0,44.8181146896,-0.5692647626,400.0,69.3203246616913
2.0,2.0,0.0,44.8477031182,-0.5860454034,0.0,68.35026322219528
3.0,1.0,0.0,44.8407953922,-0.5582658261,300.0,63.587128993544866
2.0,0.0,0.0,44.8422364098,-0.550461819,300.0,38.44094753241097
6.0,2.0,50.0,44.8404676065,-0.5717930859,300.0,121.33433926012913
2.0,1.0,20.0,44.8271890074,-0.5759266831,600.0,70.43945801632799
2.0,1.0,0.0,44.8344931814,-0.562609044,0.0,47.00390516439893
4.0,2.0,50.0,44.8430651013,-0.5887963944,800.0,121.56993115460955
6.0,2.0,50.0,44.833049232,-0.5661672935,1500.0,152.26405890610476
3.0,2.0,0.0,44.8399695185,-0.5889527472,0.0,75.80441551024705
2.0,1.0,0.0,44.8253359468,-0.552193431,0.0,44.20751577374904
2.0,0.0,0.0,44.8423453622,-0.5895619232,0.0,35.90861025688628
2.0,1.0,0.0,44.8482908148,-0.5721640201,0.0,50.33038482554639
2.0,0.0,10.0,44.8404919416,-0.581491707,225.0,43.70258528494924
2.0,1.0,50.0,44.8362326039,-0.5693097052,300.0,71.78215844015722
4.0,2.0,0.0,44.8400010048,-0.5766715817,800.0,104.01833297364647
4.0,2.0,40.0,44.8517352877,-0.586334015,700.0,116.63100040344125
6.0,4.0,0.0,44.8274997534,-0.5965771844,0.0,131.7158321949173
2.0,1.0,0.0,44.8379087972,-0.5999647451,150.0,56.98166714466606
4.0,2.0,40.0,44.84801326,-0.5815638585,700.0,115.41684694860942
5.0,2.0,0.0,44.8283581052,-0.5775028913,0.0,88.76198682831091
4.0,2.0,15.0,44.8428688062,-0.5711799547,0.0,86.38037852211528
2.0,1.0,0.0,44.8753811398,-0.5447941035,0.0,50.19634585305539
4.0,3.0,55.0,44.8242369239,-0.5587227629,600.0,126.73831111886466
4.0,1.0,35.0,44.8640665778,-0.5565026696,800.0,99.15840160623611
4.0,1.0,5.0,44.8363077098,-0.5722969583,150.0,70.54446906420344
5.0,3.0,60.0,44.8628497105,-0.6330547011,2000.0,190.83912157105533
2.0,1.0,0.0,44.8424683735,-0.5779590868,0.0,50.34655556909911
4.0,2.0,0.0,44.8184677963,-0.5757339724,600.0,95.38120017646361
2.0,1.0,0.0,44.840300615,-0.5881457988,0.0,51.51269167537157
7.0,2.0,35.0,44.8276775962,-0.5534124507,250.0,119.02304794356041
4.0,1.0,40.0,44.8505506156,-0.585789618,400.0,92.09099666665315
2.0,1.0,15.0,44.8312525075,-0.5660275076,500.0,65.31306897258219
4.0,1.0,15.0,44.8392893501,-0.5680125863,400.0,80.25044889964192
2.0,1.0,0.0,44.8333759824,-0.5882204866,0.0,50.546892421797565
4.0,2.0,30.0,44.834791464,-0.5647320305,400.0,99.84944473168798
2.0,1.0,0.0,44.859470131,-0.562711802,0.0,50.54128706345273
4.0,1.0,30.0,44.8553732927,-0.5628514466,500.0,89.1157395037726
4.0,3.0,20.0,44.8297338462,-0.5678213515,200.0,107.14128446302038
2.0,1.0,15.0,44.8344053524,-0.5801619239,500.0,67.79997341480885
4.0,1.0,0.0,44.8532866228,-0.5771121104,0.0,67.99940337802855
1.0,1.0,0.0,44.8317905657,-0.5743949223,0.0,40.200913648669484
2.0,1.0,0.0,44.8528105506,-0.570837587,0.0,50.77615583722854
2.0,1.0,0.0,44.8335524249,-0.563851913,0.0,47.05080866111348
3.0,1.0,0.0,44.8321064888,-0.5748539974,0.0,56.56131234645636
2.0,1.0,0.0,44.8278660647,-0.5617091995,0.0,45.939256727480824
7.0,3.0,0.0,44.8255863099,-0.5723683846,0.0,119.975782561909
1.0,1.0,5.0,44.8392075459,-0.5547877619,0.0,39.950697867496274
4.0,1.0,20.0,44.8399373352,-0.5885451321,400.0,84.84530004977933
2.0,1.0,0.0,44.8218405946,-0.5784033555,0.0,47.5015821984407
2.0,1.0,20.0,44.8467949137,-0.5487737987,200.0,58.35163833113438
2.0,1.0,10.0,44.8289014272,-0.5641772479,0.0,49.51539362186122
2.0,1.0,10.0,44.8502753916,-0.539412672,1500.0,89.93761292655017
1.0,0.0,0.0,44.8258668741,-0.5758170783,0.0,23.473903508584954
4.0,1.0,18.0,44.8322951303,-0.5744604328,0.0,70.18813427007626
6.0,2.0,10.0,44.8390728653,-0.569095088,560.0,115.55799018167181
2.0,0.0,0.0,44.8250366252,-0.5588309219,0.0,29.0272720780049
4.0,2.0,5.0,44.8369120268,-0.5726427786,0.0,82.6781313043466
4.0,2.0,0.0,44.8375572335,-0.5714282661,300.0,89.2540866229283
3.0,1.0,0.0,44.8388831422,-0.5860246848,300.0,67.32826504799323
2.0,0.0,20.0,44.8506207478,-0.5704076974,500.0,54.117173741876286
5.0,2.0,60.0,44.855450606,-0.570700664,700.0,129.16793047480587
2.0,1.0,30.0,44.8373751565,-0.5679300613,500.0,71.06172324000727
2.0,1.0,15.0,44.8500756865,-0.5721991617,800.0,77.05665967351706
2.0,1.0,0.0,44.831913664,-0.5723551631,0.0,48.04830992026655
2.0,1.0,0.0,44.8317337675,-0.5659084402,0.0,47.0914644370705
4.0,2.0,29.0,44.8470414021,-0.5600564615,1500.0,130.65055855215178
2.0,1.0,10.0,44.8289558312,-0.5938675628,1000.0,81.13696476072073
1.0,1.0,0.0,44.8439852111,-0.5779202467,0.0,42.43010902043716
4.0,1.0,45.0,44.8391799403,-0.5722502475,0.0,79.13825324437312
2.0,1.0,0.0,44.8291965754,-0.5720677901,500.0,61.285594471490185
8.0,3.0,20.0,44.8369906943,-0.5688940202,500.0,149.01594216423655
4.0,1.0,10.0,44.8206684623,-0.5800885527,300.0,75.09999390100256
2.0,1.0,0.0,44.8422678798,-0.5576626447,200.0,52.8504868529335
2.0,1.0,0.0,44.8229450677,-0.5614062898,350.0,54.764875675080475
4.0,1.0,0.0,44.8365558017,-0.5693323216,0.0,64.51574545155472
2.0,1.0,0.0,44.8439139455,-0.5517513161,0.0,46.76371693650162
6.0,2.0,15.0,44.8272624649,-0.571324129,500.0,114.11173967735158
2.0,1.0,0.0,44.8533274628,-0.5764697286,0.0,51.66283385803854
4.0,2.0,0.0,44.8457345112,-0.5458179159,900.0,103.1013517535066
2.0,1.0,0.0,44.84898684,-0.6178731225,0.0,57.032965348368634
3.0,1.0,0.0,44.8387214934,-0.5668137636,0.0,56.33251811055743
1.0,0.0,0.0,44.8465369815,-0.5803541917,600.0,43.43899836233959
3.0,2.0,0.0,44.8513331925,-0.5922556752,1000.0,105.20828692830673
3.0,1.0,5.0,44.8504990937,-0.5739062384,0.0,60.55506500435877
2.0,1.0,0.0,44.8281684095,-0.5790461217,150.0,52.58547534734862
2.0,1.0,5.0,44.826676238,-0.5682559628,0.0,48.25414022498899
6.0,5.0,0.0,44.8576544418,-0.5884994424,500.0,164.56052287479724
2.0,0.0,5.0,44.8229621212,-0.5689383635,0.0,31.731863748797878
4.0,1.0,0.0,44.86817174,-0.5738510172,0.0,69.62748355041822
4.0,0.0,0.0,44.8244534659,-0.5958352409,400.0,61.470824059430925
3.0,2.0,35.0,44.842167077,-0.6023599017,300.0,97.00601637145428
2.0,1.0,0.0,44.8232721506,-0.5699181334,0.0,46.47746336919499
2.0,1.0,10.0,44.8392602381,-0.5777724882,200.0,58.405461719700725
3.0,1.0,10.0,44.8457141103,-0.5853939531,580.0,78.92474848478832
1.0,1.0,0.0,44.8494144749,-0.5813975803,0.0,43.69823894105866
6.0,2.0,80.0,44.8521674288,-0.5394145401,800.0,141.1886144392538
4.0,1.0,25.0,44.8330503708,-0.5820617654,0.0,73.5444089638313
5.0,1.0,20.0,44.8495587153,-0.5731062058,300.0,89.36383265444601
4.0,1.0,0.0,44.8302897444,-0.5693975884,0.0,63.641464783854644
4.0,1.0,0.0,44.8299922545,-0.5713040902,0.0,63.874976090330165
2.0,1.0,0.0,44.8753991196,-0.5438470493,0.0,50.062043554513366
4.0,1.0,0.0,44.832350973,-0.5666932133,200.0,69.00621343631883
3.0,1.0,30.0,44.8324421888,-0.5744242644,150.0,69.86570997594845
2.0,0.0,0.0,44.8390038717,-0.5736820257,0.0,33.14289968234243
4.0,2.0,0.0,44.8346801917,-0.5700858474,0.0,80.45716905701465
6.0,1.0,40.0,44.862333258,-0.5623871805,250.0,102.52225918391468
2.0,1.0,0.0,44.8526351992,-0.5701440739,0.0,50.6512214248869
4.0,2.0,40.0,44.8591027038,-0.5604868285,200.0,100.27342657269128
1.0,1.0,0.0,44.8504737076,-0.5729327491,0.0,42.62455707060144
4.0,2.0,25.0,44.8398087331,-0.5900533313,800.0,113.60850641631532
2.0,1.0,0.0,44.8443868451,-0.5499554831,300.0,54.768135050564524
3.0,0.0,7.0,44.8252761945,-0.5612195616,200.0,45.14720601898989
2.0,0.0,0.0,44.8362200112,-0.5679888051,0.0,31.92768554473514
2.0,0.0,0.0,44.8431007943,-0.5965257888,300.0,45.21854610475202
2.0,1.0,10.0,44.8331464541,-0.5708208105,0.0,51.073991190448396
1.0,1.0,0.0,44.8650422188,-0.5529827592,0.0,41.79663969854391
4.0,1.0,35.0,44.8381289145,-0.5733357756,300.0,84.27055749670762
4.0,1.0,0.0,44.8295446705,-0.596177114,0.0,67.40570740709154
2.0,0.0,0.0,44.8260323828,-0.5689991988,400.0,41.56650078816347
2.0,1.0,0.0,44.8395398097,-0.5758610579,300.0,57.82759678327602
1.0,1.0,0.0,44.8412389111,-0.5735827743,0.0,41.41608150795673
2.0,1.0,0.0,44.8567209341,-0.5645597817,0.0,50.42057491335254
3.0,1.0,25.0,44.8589611485,-0.5722849939,600.0,84.05566127546535
2.0,1.0,0.0,44.8308025797,-0.6049101082,0.0,52.59541268335215
4.0,1.0,0.0,44.858726654,-0.564728497,300.0,75.17453534970264
2.0,0.0,30.0,44.8355978949,-0.5774743807,400.0,53.360645280991776
2.0,0.0,15.0,44.8368308495,-0.5705056036,0.0,36.987752372338036
4.0,1.0,0.0,44.8390510964,-0.568097724,0.0,64.68927579852334
4.0,2.0,0.0,44.839461422,-0.6124134017,300.0,95.44449937374247
4.0,1.0,35.0,44.850686224,-0.5728865604,300.0,85.97662642139585
4.0,1.0,0.0,44.8404762223,-0.5495181049,0.0,62.20573037818485
4.0,2.0,0.0,44.8528160249,-0.5908596111,300.0,94.21365275718745
4.0,0.0,0.0,44.8295694871,-0.5779320203,250.0,55.50694192279843
4.0,1.0,5.0,44.8627520175,-0.621473714,200.0,82.74560095765082
2.0,1.0,25.0,44.839939278,-0.5782819401,0.0,57.7203089698578
2.0,1.0,15.0,44.8421436184,-0.5905103979,500.0,70.38654286980545
4.0,2.0,0.0,44.8557060781,-0.5641248638,500.0,96.22319008200884
6.0,2.0,50.0,44.8474543548,-0.5993246349,500.0,131.76247066833912
2.0,0.0,30.0,44.8129525975,-0.571050623,200.0,43.77399012247497
2.0,1.0,30.0,44.8225352781,-0.5663284474,150.0,59.17401913000867
6.0,3.0,0.0,44.8387755513,-0.5499596276,500.0,124.13532734701221
4.0,1.0,20.0,44.8572178153,-0.5589899684,150.0,76.18102197056669
2.0,1.0,0.0,44.8553010933,-0.5696445842,300.0,59.152226777276155
3.0,2.0,0.0,44.8491078832,-0.5927175797,400.0,88.56678643951273
2.0,1.0,0.0,44.8390204743,-0.5800601393,0.0,50.163870439070706
3.0,1.0,0.0,44.8308564214,-0.5830818205,0.0,57.573835690391206
8.0,3.0,0.0,44.8424604582,-0.5766265639,0.0,131.09558000921788
2.0,1.0,0.0,44.8793983021,-0.5505000244,0.0,51.587329332769514
2.0,1.0,10.0,44.8371519331,-0.5679790083,300.0,59.425483932429415
3.0,1.0,0.0,44.8252329545,-0.5725271754,0.0,55.25573008893025
4.0,1.0,15.0,44.834719109,-0.5649507874,1500.0,109.21991098341277
2.0,1.0,5.0,44.8544682316,-0.5775399469,200.0,58.97990977871723
2.0,1.0,0.0,44.8577244839,-0.568193908,350.0,60.65059574856332
2.0,1.0,0.0,44.8453081531,-0.580152702,0.0,51.06400489434327
2.0,1.0,0.0,44.8406544577,-0.559173582,0.0,47.376455484442886
2.0,1.0,15.0,44.8265781111,-0.5718520766,250.0,58.664412159380845
5.0,2.0,0.0,44.8370584984,-0.5828619803,0.0,90.76333993314165
4.0,1.0,25.0,44.8512965315,-0.5887728961,400.0,88.01697015281661
2.0,1.0,0.0,44.8219928077,-0.5622425351,0.0,45.18800359119177
2.0,1.0,20.0,44.8334587293,-0.5632178983,500.0,66.75501796436129
2.0,0.0,0.0,44.8220077403,-0.5761477472,450.0,43.39797971362441
2.0,1.0,0.0,44.8247588698,-0.5614763775,250.0,52.298405316391836
8.0,4.0,100.0,44.8440162458,-0.5869091309,2000.0,234.2809240697452
8.0,3.0,0.0,44.8343130195,-0.5744846562,0.0,129.63705511570333
4.0,1.0,15.0,44.860715378,-0.5714342979,500.0,86.49898868958826
2.0,1.0,0.0,44.8369623574,-0.5689098337,500.0,61.924526747274285
2.0,1.0,0.0,44.8372232908,-0.5677546445,0.0,48.13241414746062
2.0,1.0,25.0,44.8368839573,-0.5680284157,250.0,62.63890169482329
1.0,1.0,0.0,44.8437274897,-0.5739915861,0.0,41.8261176944452
6.0,3.0,50.0,44.8606841927,-0.5747504911,0.0,132.5126900172245
3.0,1.0,20.0,44.8425824929,-0.5804659594,300.0,73.19384982553129
4.0,3.0,0.0,44.8481307391,-0.5872376885,0.0,100.92942297027093
4.0,1.0,15.0,44.8416813404,-0.5723492169,0.0,70.28478488594101
7.0,3.0,0.0,44.828217961,-0.5935091037,200.0,128.8663098863035
4.0,1.0,30.0,44.8424738512,-0.5713292319,600.0,91.25385193579496
4.0,2.0,25.0,44.8384508482,-0.5686072465,150.0,92.55769721517845
2.0,1.0,0.0,44.8302977086,-0.5718076695,0.0,47.74130315729326
9.0,3.0,18.0,44.8350250677,-0.5718132561,450.0,155.30437505104146
2.0,1.0,0.0,44.824021579,-0.5709143256,0.0,46.72709418747945
6.0,2.0,15.0,44.8408247299,-0.5621497928,500.0,114.69886317534656
8.0,4.0,100.0,44.8485615112,-0.5887094931,400.0,191.46367572647523
4.0,1.0,25.0,44.8566713161,-0.5631068607,0.0,74.13694712152119
2.0,0.0,0.0,44.8213988556,-0.5755112333,0.0,30.924337954731527
2.0,1.0,15.0,44.8611504637,-0.5570476729,800.0,76.42934211456941
2.0,1.0,0.0,44.8452576323,-0.5571452888,0.0,47.73258359065221
2.0,0.0,30.0,44.8512213035,-0.5739045515,300.0,52.31583879865502
2.0,1.0,0.0,44.8600449001,-0.5700901343,0.0,51.688428415153794
8.0,4.0,60.0,44.8201865591,-0.5723793908,500.0,175.54075264240055
4.0,2.0,30.0,44.8413619573,-0.5785198205,500.0,105.50066188666187
4.0,2.0,60.0,44.8399036526,-0.5711034246,250.0,106.6129580910856
2.0,1.0,0.0,44.8362632205,-0.5679610703,450.0,60.32264136822323
4.0,2.0,50.0,44.8543719164,-0.5660066566,0.0,98.01250032700682
4.0,1.0,0.0,44.8275325342,-0.5606022098,200.0,67.44658496214197
2.0,0.0,0.0,44.8413739217,-0.5729559663,0.0,33.37224428498757
2.0,1.0,30.0,44.8391887515,-0.5744733353,500.0,72.26292201793422
4.0,2.0,35.0,44.8292914194,-0.5723790956,500.0,104.44783282739081
6.0,2.0,0.0,44.8294314361,-0.5760706707,500.0,110.49317918936958
2.0,1.0,0.0,44.8270317516,-0.5838702335,0.0,49.02359697167685
5.0,2.0,25.0,44.8497871107,-0.571737709,400.0,109.5645378641484
5.0,2.0,40.0,44.815093116,-0.5685303307,0.0,97.88883782020821
3.0,2.0,0.0,44.852065118,-0.578875754,500.0,89.71627131543028
4.0,1.0,30.0,44.8579936973,-0.5626538515,500.0,89.4567487469676
2.0,1.0,30.0,44.8480425637,-0.5805381151,600.0,77.12027618405864
4.0,1.0,15.0,44.8419210355,-0.5716877921,0.0,70.22302144555579
2.0,1.0,10.0,44.859917644,-0.5824905156,0.0,56.53570297996339
4.0,2.0,0.0,44.8376873373,-0.5793975386,0.0,82.2266991719971
4.0,1.0,0.0,44.8296188341,-0.557488805,300.0,70.02336927729539
2.0,1.0,5.0,44.8243925449,-0.5645601443,200.0,52.86286668889352
2.0,1.0,18.0,44.8373765658,-0.5743966802,90.0,57.10521232827705
2.0,1.0,0.0,44.8398836723,-0.6201907651,0.0,56.08400436926331
6.0,2.0,5.0,44.8277785948,-0.5771337221,1000.0,125.61243361032302
4.0,1.0,0.0,44.8318634579,-0.5949549479,0.0,67.55614088262246
4.0,2.0,0.0,44.831268786,-0.5920198633,0.0,83.14525687720561
6.0,3.0,0.0,44.8198947215,-0.568754375,500.0,124.18815357924359
3.0,1.0,80.0,44.8460677708,-0.5809355166,2000.0,138.64512208336782
2.0,1.0,0.0,44.832311462,-0.5661467429,0.0,47.20736940362167
2.0,1.0,5.0,44.8284660656,-0.5712701272,0.0,48.94207288619418
6.0,3.0,95.0,44.8556877057,-0.5698312738,995.0,172.11545936814855
4.0,2.0,10.0,44.8362075049,-0.577775153,300.0,93.05429655329317
4.0,0.0,0.0,44.8340488136,-0.5758939144,300.0,57.21038587520343
8.0,4.0,60.0,44.8353065271,-0.5698031929,500.0,177.30091334270583
4.0,2.0,0.0,44.8509734316,-0.5896953469,0.0,85.58836612552386
6.0,3.0,80.0,44.8464663466,-0.5951756394,1000.0,170.00326389374277
3.0,1.0,15.0,44.8410983822,-0.5782280017,0.0,62.92722724632222
2.0,1.0,35.0,44.8435976635,-0.5786173205,0.0,61.3582294729149
4.0,1.0,25.0,44.8411006688,-0.5777990157,500.0,87.7258388753271
4.0,3.0,0.0,44.8408898624,-0.5483941197,800.0,116.1550025266024
4.0,0.0,9.0,44.8257801786,-0.5582696332,0.0,48.06671298302081
4.0,1.0,50.0,44.8535548738,-0.5702525149,500.0,96.07568074409483
6.0,2.0,55.0,44.8285324268,-0.578952411,550.0,129.05329894328224
2.0,1.0,8.0,44.829176158,-0.5742507319,100.0,53.12733468621445
4.0,2.0,0.0,44.8672888434,-0.5714731842,0.0,85.25646700453035
2.0,1.0,0.0,44.8419009221,-0.5557343749,0.0,47.05532179544389
3.0,1.0,0.0,44.8303069654,-0.5836313875,0.0,57.57575099662881
4.0,2.0,30.0,44.8521015807,-0.5723254413,300.0,100.65547186935692
2.0,1.0,0.0,44.8335255894,-0.5632049602,800.0,68.81274925773141
2.0,2.0,0.0,44.8218202421,-0.5694794735,0.0,62.306385609811514
2.0,0.0,0.0,44.8420454318,-0.5830556796,0.0,34.9262361927631
2.0,1.0,0.0,44.8162001993,-0.5745348101,0.0,46.14715067281668
4.0,1.0,0.0,44.8321796199,-0.5754485562,300.0,72.9794899684357
2.0,1.0,5.0,44.8208333441,-0.5640389896,0.0,46.82080638124171
4.0,2.0,50.0,44.8419147129,-0.5902726153,300.0,107.95898515721001
9.0,5.0,80.0,44.8578563735,-0.5678145196,1000.0,224.22466592325327
6.0,2.0,10.0,44.8413867492,-0.5773678631,300.0,109.97539694153693
4.0,1.0,35.0,44.8279606091,-0.5601825026,0.0,72.73881537885063
4.0,1.0,35.0,44.8277846498,-0.5607489856,0.0,72.79584961381988
2.0,1.0,10.0,44.8343453026,-0.5860725866,0.0,53.44676589082337
4.0,0.0,0.0,44.8465504927,-0.5750036265,0.0,50.64767860832853
5.0,2.0,0.0,44.8326256847,-0.5599179188,500.0,100.48503258676465
4.0,2.0,40.0,44.838633498,-0.571302206,500.0,107.14651910738667
2.0,1.0,20.0,44.8378837965,-0.5682001571,100.0,57.16936722692208
2.0,1.0,0.0,44.8333964092,-0.5741754602,0.0,48.520434756538634
4.0,1.0,10.0,44.8334115008,-0.5768628208,0.0,68.23388214137685
2.0,1.0,0.0,44.8279843214,-0.5705045631,0.0,47.22675957874617
4.0,1.0,0.0,44.8532201621,-0.5855613431,0.0,69.21084349360626
2.0,0.0,0.0,44.8236876525,-0.5750361863,0.0,31.178491609906814
2.0,1.0,20.0,44.8465700536,-0.5853744142,0.0,58.14347703009571
2.0,1.0,0.0,44.8314286297,-0.5804104352,0.0,49.1437954087678
5.0,2.0,9.0,44.8484448663,-0.6296461883,0.0,101.89509782465029
2.0,1.0,0.0,44.8404752515,-0.5793948006,0.0,50.27290623731278
2.0,1.0,0.0,44.8464086889,-0.5856848743,0.0,52.01854780920894
2.0,0.0,10.0,44.8367525533,-0.5677420126,100.0,37.77304717038896
2.0,0.0,20.0,44.8394986879,-0.6178237857,300.0,53.93487149273551
2.0,0.0,25.0,44.834784975,-0.5651312118,350.0,48.55960010943909
4.0,1.0,0.0,44.8337967352,-0.578094108,0.0,65.3926038304071
3.0,1.0,20.0,44.8439174011,-0.5809049224,400.0,76.17793900306697
2.0,1.0,0.0,44.8464988028,-0.5915867571,0.0,52.884008241136144
2.0,1.0,10.0,44.8244029611,-0.5670995765,100.0,52.03561041020657
2.0,1.0,5.0,44.8390682434,-0.6200522472,0.0,57.48574647044188
4.0,2.0,50.0,44.8422453202,-0.5833899246,300.0,107.01114461077759
2.0,1.0,0.0,44.8424947585,-0.5835784661,0.0,51.16220984393749
1.0,1.0,0.0,44.8282200114,-0.5598839114,0.0,37.600685638203686
7.0,5.0,40.0,44.8288206325,-0.5613229831,100.0,166.05659054613898
4.0,1.0,0.0,44.868228586,-0.5507735342,0.0,66.30108008986463
4.0,1.0,30.0,44.8462730464,-0.57858937,250.0,83.2752600600952
2.0,1.0,5.0,44.8549496287,-0.5867104131,200.0,60.37282467865316
4.0,0.0,20.0,44.8610747584,-0.5660421281,1200.0,90.33705974153327
2.0,1.0,0.0,44.872625001,-0.5464000384,0.0,50.03968209564118
2.0,1.0,0.0,44.8373021733,-0.6024185038,0.0,53.15205251634325
4.0,2.0,5.0,44.8670096861,-0.5720487533,150.0,90.93561769941061
2.0,0.0,20.0,44.847270641,-0.5800219255,200.0,46.83664368639984
2.0,1.0,0.0,44.8378493162,-0.5709348536,0.0,48.68020561024423
6.0,2.0,0.0,44.8373057877,-0.5834566951,1000.0,126.33290379287064
4.0,2.0,0.0,44.8492148288,-0.5987216907,1000.0,113.9685494433943
2.0,1.0,0.0,44.8387845588,-0.5815733619,0.0,50.34924152546773
4.0,1.0,40.0,44.8311404422,-0.5781873242,500.0,90.98751206932229
4.0,3.0,30.0,44.8398005093,-0.5863113656,150.0,112.9399009332983
2.0,0.0,30.0,44.8273258701,-0.5609708661,500.0,52.54186952238979
2.0,1.0,0.0,44.8159164051,-0.5688108278,600.0,61.674481375785035
6.0,2.0,0.0,44.8497639982,-0.5725708879,1500.0,140.17903518303137
2.0,1.0,0.0,44.8297207148,-0.5597800944,90.0,48.38124827068532
6.0,4.0,80.0,44.8332051603,-0.5921412653,0.0,156.46765452428735
4.0,0.0,20.0,44.8424140392,-0.578672484,300.0,64.93864510392814
4.0,1.0,0.0,44.8280715635,-0.5836460944,0.0,65.38737044478876
2.0,0.0,0.0,44.8555121122,-0.6230531908,0.0,42.604623636662836
6.0,2.0,15.0,44.8145722783,-0.5728706284,500.0,112.5454753620179
4.0,1.0,0.0,44.8280290937,-0.5617721453,150.0,66.31945701472432
2.0,1.0,5.0,44.8345946516,-0.5684014071,90.0,51.85106052609717
2.0,1.0,10.0,44.8366092032,-0.5690079566,500.0,64.96241324816947
6.0,2.0,0.0,44.8403388245,-0.5779957355,1000.0,125.97161386351308
3.0,0.0,9.0,44.8230099432,-0.5712603985,0.0,41.428276739058674
2.0,1.0,0.0,44.858960612,-0.575523974,0.0,52.320634633684676
6.0,1.0,0.0,44.8421139303,-0.5722156521,400.0,92.89533685361403
2.0,1.0,50.0,44.8378159842,-0.5720068569,0.0,64.19797017623932
3.0,1.0,0.0,44.834053541,-0.5692185078,405.0,67.08786808135756
3.0,1.0,0.0,44.8237161754,-0.578672534,0.0,55.929747467724155
4.0,1.0,10.0,44.8308614094,-0.564642618,0.0,66.10856585652982
4.0,0.0,0.0,44.8382537523,-0.569967997,300.0,56.94719008530319
2.0,1.0,20.0,44.8554677321,-0.5796200378,200.0,64.03169115731907
2.0,1.0,0.0,44.8310815867,-0.5856078045,0.0,49.84580920134158
2.0,1.0,0.0,44.8425751576,-0.5779117224,0.0,50.354771892217286
2.0,0.0,10.0,44.8509650761,-0.5975781241,150.0,45.45462112751102
4.0,2.0,20.0,44.8692369399,-0.5491850293,250.0,95.28886794940263
2.0,0.0,0.0,44.8254635918,-0.5740273222,100.0,34.01558631309308
7.0,4.0,0.0,44.8387397337,-0.5885653364,0.0,140.26816261927615
2.0,1.0,0.0,44.8249444387,-0.5657452985,0.0,46.110383749303764
4.0,2.0,0.0,44.8405078433,-0.571922367,500.0,95.20640752861709
2.0,1.0,0.0,44.8367192889,-0.5704329545,0.0,48.44831783622794
6.0,1.0,10.0,44.8266060898,-0.5755788858,0.0,83.33810486807215
2.0,1.0,0.0,44.8638077715,-0.62044529,150.0,63.59343019938751
2.0,0.0,0.0,44.8401774106,-0.5801849146,0.0,34.24799527711366
2.0,1.0,0.0,44.8246288477,-0.5727522505,250.0,53.90929702448284
2.0,0.0,10.0,44.8273811756,-0.5578476007,100.0,35.021764205826
2.0,1.0,28.0,44.8576736965,-0.6113037145,400.0,76.84432647614813
4.0,1.0,0.0,44.8301659189,-0.5958575776,100.0,70.17955403201267
2.0,1.0,30.0,44.875960409,-0.5709525528,800.0,85.13737080546525
4.0,1.0,10.0,44.8396314791,-0.5763759448,150.0,73.13934714236984
4.0,2.0,0.0,44.8557477373,-0.5760604227,0.0,84.29160960551144
3.0,1.0,0.0,44.8514641542,-0.5811095295,0.0,60.19520096768974
3.0,1.0,15.0,44.8409180332,-0.5855134652,150.0,68.05305520185539
2.0,1.0,20.0,44.8395344396,-0.5807064944,150.0,60.57537619670984
2.0,1.0,8.0,44.8273199504,-0.5614503256,100.0,51.01604534426224
5.0,2.0,0.0,44.8279717202,-0.5736846462,0.0,88.15580361284265
4.0,1.0,0.0,44.855987384,-0.6045739694,450.0,84.64400726544045
3.0,1.0,0.0,44.8483628962,-0.585992571,250.0,67.29436799050836
4.0,1.0,15.0,44.8359170997,-0.5694569706,350.0,78.61735178180152
2.0,1.0,0.0,44.8696422242,-0.5490774724,0.0,50.005874076153304
1.0,1.0,0.0,44.8304330958,-0.5834025049,0.0,41.3109557959624
4.0,1.0,0.0,44.8453546926,-0.576824367,0.0,66.8391765389415
2.0,1.0,0.0,44.8440599801,-0.5790071875,1500.0,91.7084642443424
4.0,1.0,0.0,44.8332308564,-0.5743461105,400.0,75.70085738582748
2.0,1.0,0.0,44.8326652586,-0.5819039108,0.0,49.533988313044574
2.0,1.0,15.0,44.8473979441,-0.5790405903,200.0,61.27311690476381
2.0,1.0,20.0,44.8312462975,-0.5674581164,200.0,58.85845559723748
2.0,1.0,15.0,44.8464164602,-0.5866470271,200.0,62.23373606511814
4.0,1.0,20.0,44.8576548976,-0.5668967692,150.0,77.38510254114681
8.0,3.0,15.0,44.8326102051,-0.5919938591,0.0,136.5370475106929
4.0,2.0,40.0,44.8396602977,-0.5756009769,600.0,110.6448514258982
4.0,2.0,20.0,44.8255803586,-0.5776429986,0.0,86.4127542484639
2.0,0.0,5.0,44.845063529,-0.5804970847,600.0,52.913355349627636
2.0,1.0,0.0,44.8302816877,-0.5830215473,250.0,56.19031573623852
4.0,1.0,0.0,44.8398345888,-0.5749722965,700.0,84.91986834137697
2.0,1.0,10.0,44.8471049811,-0.5502417061,300.0,58.26634817734612
2.0,1.0,5.0,44.8352590812,-0.5679915472,300.0,57.62358669209516
4.0,2.0,30.0,44.8322255725,-0.5811976597,500.0,104.59906035745644
2.0,1.0,0.0,44.8339962935,-0.5810528275,100.0,52.331134958462826
3.0,1.0,10.0,44.8567514302,-0.5685561918,150.0,66.2991808640063
3.0,1.0,20.0,44.8273805183,-0.5726626562,0.0,61.72520891479871
1.0,1.0,5.0,44.8370228505,-0.5706609656,150.0,46.03467585091039
8.0,4.0,50.0,44.8413790984,-0.5941846267,1000.0,192.26864913978716
4.0,1.0,30.0,44.8404521283,-0.5724164098,0.0,74.73140806017273
1.0,1.0,10.0,44.8339836556,-0.5901063815,0.0,45.85384108923881
3.0,2.0,30.0,44.8468550084,-0.5834672223,0.0,85.20343736328232
2.0,0.0,35.0,44.8290720225,-0.5704152005,0.0,42.02748134134163
2.0,1.0,15.0,44.8273814148,-0.5851940773,300.0,62.07166302851692
2.0,1.0,30.0,44.8412268755,-0.5715282222,300.0,66.66002733451296
5.0,3.0,100.0,44.8461163487,-0.5867361324,1500.0,180.41876977916036
4.0,0.0,0.0,44.8407601369,-0.5884218881,0.0,51.76983498621121
4.0,1.0,0.0,44.8274785445,-0.5582960275,0.0,61.64095438474669
2.0,1.0,0.0,44.849738454,-0.6195552946,0.0,57.38202030345201
3.0,1.0,50.0,44.8379870605,-0.571470273,0.0,72.2693237220401
11.0,6.0,75.0,44.8486253086,-0.6243209405,1500.0,275.5591231764538
2.0,1.0,10.0,44.8422571831,-0.5870735957,100.0,57.43962373716113
6.0,4.0,50.0,44.8206879391,-0.565867744,500.0,155.34758032103036
6.0,2.0,35.0,44.8302481845,-0.5724024353,0.0,107.17365045066617
4.0,2.0,0.0,44.8170130373,-0.5746007705,0.0,78.61789767408573
2.0,1.0,20.0,44.8400021099,-0.5744857693,500.0,69.3059129184694
4.0,1.0,0.0,44.8396051168,-0.5728357376,350.0,75.01539738955125
2.0,1.0,5.0,44.8441321328,-0.5488097827,0.0,47.90622914953747
4.0,1.0,15.0,44.8820066131,-0.5691779338,200.0,80.97850327355809
2.0,1.0,0.0,44.8553450935,-0.5840738337,0.0,53.04608549757086
4.0,2.0,50.0,44.832394421,-0.5684448216,250.0,102.09626940097041
3.0,2.0,30.0,44.8576942789,-0.610115262,0.0,90.58243835159465
2.0,0.0,15.0,44.8288799606,-0.5919828046,500.0,52.63162752104108
2.0,1.0,10.0,44.8524087754,-0.5717360361,600.0,70.31722446772073
3.0,1.0,20.0,44.8385574624,-0.5969122029,400.0,77.73488000843554
2.0,1.0,9.0,44.851740069,-0.6168721959,182.0,65.01576697808014
2.0,0.0,10.0,44.8403374452,-0.5686472536,100.0,38.40942606251065
2.0,0.0,0.0,44.8235115955,-0.5745373003,0.0,31.081578976079072
2.0,1.0,0.0,44.8591148357,-0.6147030528,450.0,70.29909497676636
2.0,0.0,0.0,44.8392951329,-0.6240186608,0.0,40.45701894379363
3.0,1.0,0.0,44.8248391769,-0.5971813599,0.0,58.76243013466865
2.0,1.0,0.0,44.8196317519,-0.5512183924,300.0,51.45936447999429
2.0,0.0,0.0,44.8383645705,-0.5723984052,0.0,32.867270304363046
3.0,0.0,0.0,44.8373503658,-0.5707556285,100.0,43.34403062407637
2.0,1.0,10.0,44.8284138004,-0.5731941966,150.0,54.84806467509952
3.0,1.0,5.0,44.8536369071,-0.5701473404,100.0,63.186879704303465
2.0,1.0,0.0,44.8517610823,-0.5751202865,0.0,51.24694673797785
3.0,1.0,0.0,44.8333315602,-0.574312691,200.0,62.12067414399644
4.0,1.0,10.0,44.8344386468,-0.5659784063,400.0,77.73567526082843
4.0,2.0,0.0,44.852261387,-0.618336091,100.0,92.64065385902632
5.0,2.0,20.0,44.8476178809,-0.5867155852,500.0,112.61837534494043
4.0,2.0,75.0,44.8306263481,-0.573976079,900.0,128.0905048355471
2.0,1.0,0.0,44.8550027976,-0.5689541256,300.0,59.01039469483658
2.0,1.0,0.0,44.8302264849,-0.5896279686,0.0,50.306078656842146
4.0,1.0,20.0,44.855213509,-0.5696564628,200.0,78.80573293307134
2.0,0.0,20.0,44.8414631092,-0.5691167299,100.0,41.70952851859329
8.0,3.0,0.0,44.8265301839,-0.5893744681,3000.0,212.66283890623617
6.0,2.0,20.0,44.8640115103,-0.5516060048,200.0,109.78503285069746
4.0,2.0,20.0,44.8276025212,-0.5603539583,400.0,95.12948407205204
2.0,1.0,0.0,44.8583693692,-0.5669697322,150.0,55.09986551273869
2.0,1.0,20.0,44.8296179936,-0.5648618068,300.0,60.98607815210471
5.0,2.0,0.0,44.8519470617,-0.5876371667,100.0,96.28545276201748
6.0,3.0,0.0,44.8343619706,-0.5899721194,300.0,123.82940019971466
4.0,2.0,0.0,44.840123968,-0.5766126571,0.0,82.16795855325654
2.0,0.0,8.0,44.8382991724,-0.580480938,300.0,44.68188915029896
6.0,3.0,30.0,44.8198538486,-0.5629443379,1200.0,151.69025445620264
2.0,0.0,10.0,44.8262861971,-0.5704103098,200.0,39.414899459280605
6.0,3.0,50.0,44.8196952798,-0.5653544986,400.0,136.30395800401584
5.0,3.0,150.0,44.822169544,-0.5956386562,500.0,166.3713973033382
2.0,1.0,0.0,44.8532308438,-0.5829310992,0.0,52.582798386048125
2.0,1.0,0.0,44.8377102239,-0.5716890534,0.0,48.76956208497177
5.0,1.0,0.0,44.8333790705,-0.5632570361,0.0,71.31467676428838
7.0,1.0,0.0,44.8508103526,-0.5969690935,0.0,94.89353738604404
13.0,5.0,80.0,44.8628973917,-0.5644965968,1500.0,270.61723453522427
4.0,2.0,30.0,44.8289554861,-0.5585993458,300.0,95.4078885667177
6.0,2.0,15.0,44.8682013544,-0.54781269,1000.0,130.15028865877957
2.0,1.0,12.0,44.8425738579,-0.5711684639,700.0,72.19528793983136
2.0,1.0,0.0,44.8394297638,-0.5725908415,100.0,51.8747691126955
2.0,1.0,5.0,44.8338469843,-0.5660759717,1000.0,76.27446081527614
2.0,0.0,15.0,44.8386056521,-0.5738676409,0.0,37.72382951369673
2.0,1.0,10.0,44.8229870898,-0.551156278,200.0,52.264712227526616
5.0,2.0,15.0,44.861674314,-0.5673923983,200.0,102.07484621779167
2.0,1.0,15.0,44.8474826838,-0.5855737399,400.0,67.69383046355324
4.0,1.0,15.0,44.8317285856,-0.5668999291,0.0,68.09377680120633
2.0,1.0,0.0,44.8341369361,-0.5703498781,0.0,48.07212141440232
7.0,4.0,80.0,44.8324583773,-0.5813609237,800.0,184.78866268512593
8.0,2.0,49.0,44.8395610793,-0.5849133416,250.0,137.67817175129585
4.0,1.0,49.0,44.8514544624,-0.5826393134,250.0,90.43084895612174
4.0,1.0,49.0,44.8381733791,-0.5873153803,250.0,89.23343474929061
6.0,2.0,50.0,44.854428297,-0.5663294669,600.0,130.71100838851362
4.0,1.0,49.0,44.8496847102,-0.5749564523,250.0,89.0711766717859
4.0,2.0,49.0,44.8494092957,-0.5748702556,250.0,105.11694824907681
4.0,2.0,49.0,44.8443149784,-0.5778641102,250.0,104.83106567637242
1.0,1.0,0.0,44.8478687444,-0.6100425235,0.0,47.61909438208568
2.0,1.0,0.0,44.8401933352,-0.5957441264,0.0,52.59542939624953
2.0,1.0,10.0,44.8505873563,-0.5907042674,0.0,56.406628270118745
4.0,1.0,0.0,44.8358858532,-0.5786403627,200.0,71.23096292764876
4.0,2.0,0.0,44.8391582939,-0.5725707396,350.0,91.01116034600363
4.0,1.0,0.0,44.8202454461,-0.5709646649,500.0,76.11332836126167
4.0,1.0,20.0,44.8771110644,-0.5722120415,400.0,87.72802733447224
2.0,1.0,0.0,44.8359643672,-0.5679331288,0.0,47.98065521675835
3.0,1.0,0.0,44.8313987941,-0.5628976074,300.0,62.931150499006435
2.0,1.0,0.0,44.8284306576,-0.5645138306,0.0,46.424117744650175
5.0,2.0,30.0,44.8327509476,-0.5780844402,300.0,106.88328756147894
6.0,2.0,30.0,44.836338649,-0.5679959736,500.0,119.52116022391147
2.0,1.0,0.0,44.8392825287,-0.5713272649,0.0,48.939032343856525
2.0,1.0,0.0,44.840773586,-0.6150091548,0.0,55.4608293879819
2.0,0.0,0.0,44.8376949837,-0.568703841,0.0,32.23901714986823
3.0,1.0,0.0,44.8342418197,-0.5672431347,150.0,59.86138278532053
8.0,4.0,50.0,44.8265675649,-0.5842231461,1000.0,188.74044266799683
5.0,3.0,50.0,44.8265611478,-0.5683855867,1000.0,145.97986237941495
4.0,1.0,0.0,44.8340938372,-0.5807630477,0.0,65.82013444102358
1.0,1.0,0.0,44.8617295495,-0.6169378607,200.0,56.034997746053705
4.0,1.0,10.0,44.8366859943,-0.5745090793,400.0,79.28520217585083
4.0,1.0,10.0,44.8506346157,-0.5751520853,350.0,79.97910256429805
1.0,1.0,15.0,44.8291918834,-0.5634439307,800.0,64.72160469405298
3.0,1.0,0.0,44.8549671057,-0.6091986221,0.0,64.74776541582105
4.0,1.0,0.0,44.8368474715,-0.5657915316,800.0,85.90448040605861
4.0,1.0,0.0,44.8393880022,-0.5714505869,450.0,77.5170399596227
2.0,1.0,0.0,44.8360003742,-0.5678327288,0.0,47.97122673470858
2.0,1.0,45.0,44.8324411321,-0.5654133686,400.0,71.88011061792167
2.0,1.0,0.0,44.882698218,-0.5494013886,90.0,54.353141650057296
6.0,2.0,0.0,44.8337617628,-0.5678970825,0.0,96.26090410306642
4.0,1.0,0.0,44.8331746776,-0.5644388145,0.0,63.331847426769855
2.0,1.0,0.0,44.8341146282,-0.5719883451,0.0,48.30571420253091
2.0,1.0,10.0,44.8260661954,-0.5713170048,0.0,50.147146419978526
3.0,1.0,0.0,44.8379866793,-0.5740030716,0.0,57.267655335172094
6.0,3.0,15.0,44.8351078773,-0.5838398025,450.0,131.75742250261374
3.0,1.0,15.0,44.8572544061,-0.5624510734,200.0,68.39095712429298
2.0,1.0,45.0,44.8339242108,-0.5661125541,400.0,72.19029525852966
2.0,1.0,10.0,44.8305942328,-0.577687711,200.0,57.17103341961865
2.0,1.0,0.0,44.8369460588,-0.5691016167,0.0,48.28793711309845
2.0,1.0,0.0,44.83938801,-0.613589061,1500.0,96.04623717037794
4.0,1.0,0.0,44.833239468,-0.5761533103,0.0,65.03358957113869
7.0,3.0,0.0,44.8326219997,-0.5669586784,0.0,120.18639796099797
2.0,1.0,0.0,44.8172769046,-0.5718848054,0.0,45.91610593372661
3.0,1.0,0.0,44.8554552692,-0.5800123811,150.0,64.69814914960989
4.0,2.0,0.0,44.8469839109,-0.588298171,0.0,84.82384314560932
3.0,1.0,5.0,44.8381735503,-0.5731883082,200.0,64.17784436605052
2.0,1.0,0.0,44.8609313775,-0.5586722828,0.0,50.163706473268576
4.0,1.0,0.0,44.8284266412,-0.5597578774,0.0,61.98588564824604
2.0,1.0,5.0,44.8380042703,-0.5708714549,0.0,50.22965602777822
2.0,1.0,0.0,44.852178994,-0.5687619017,0.0,50.38717479222487
2.0,1.0,5.0,44.8357781917,-0.5836253278,0.0,51.7584912418406
4.0,1.0,0.0,44.8422999396,-0.5475634737,0.0,62.18051096150157
4.0,1.0,15.0,44.839362135,-0.5766774179,0.0,70.58307738721851
2.0,1.0,0.0,44.8309488222,-0.5838181708,0.0,49.568504551088154
3.0,1.0,5.0,44.8672881793,-0.5509048094,0.0,59.5994218993992
2.0,1.0,0.0,44.8339756204,-0.5676848186,0.0,47.66430158062576
4.0,1.0,0.0,44.8335269942,-0.5913503649,600.0,83.66433423888884
4.0,1.0,0.0,44.8420153827,-0.5794301525,0.0,66.74473379903611
2.0,1.0,0.0,44.8289879605,-0.5736077982,0.0,47.816684613531834
4.0,1.0,0.0,44.8403639119,-0.5838418331,0.0,67.14925966184546
4.0,2.0,0.0,44.844017708,-0.5505289367,0.0,78.94831230893033
4.0,1.0,8.0,44.8523426645,-0.5868471858,0.0,71.73168947006525
4.0,2.0,35.0,44.8384105061,-0.5743053608,0.0,92.35023147942957
2.0,1.0,0.0,44.8412608101,-0.5794858762,400.0,61.326455112832264
2.0,1.0,0.0,44.8338212185,-0.566291195,500.0,61.103165475913556
3.0,0.0,40.0,44.8385191094,-0.5681222522,200.0,58.15482806269665
1.0,1.0,0.0,44.8306328078,-0.5635411497,0.0,38.4693929662908
2.0,1.0,0.0,44.841614347,-0.5912637074,0.0,52.14846969667633
2.0,1.0,0.0,44.8616249697,-0.5806087773,0.0,53.431086092409714
1.0,1.0,0.0,44.8224768944,-0.5507126469,0.0,35.46558757978346
2.0,1.0,0.0,44.8286038681,-0.5581374222,0.0,45.527231047075475
2.0,0.0,0.0,44.8517007204,-0.6145575492,100.0,43.57197923062995
2.0,1.0,0.0,44.8245999586,-0.5911648536,0.0,49.734623197339715
1.0,1.0,5.0,44.8610880914,-0.5648920597,0.0,44.49649249769482
3.0,1.0,0.0,44.8459461121,-0.587312867,0.0,60.31329181379988
2.0,1.0,15.0,44.8395145661,-0.5677470713,250.0,59.89573452608602
4.0,1.0,0.0,44.8526758796,-0.5736355946,0.0,67.41095440809022
2.0,1.0,0.0,44.877477001,-0.5544585302,0.0,51.88832230254866
5.0,1.0,0.0,44.8313160309,-0.5898385086,0.0,74.86442851087395
2.0,1.0,0.0,44.8339226876,-0.5662877456,0.0,47.454976038453424
2.0,1.0,0.0,44.8510132346,-0.5833137389,0.0,52.325332682437875
2.0,1.0,0.0,44.8213743267,-0.5625848655,0.0,45.150240991510145
3.0,1.0,10.0,44.8381796933,-0.5769942452,200.0,66.26538051586522
4.0,1.0,0.0,44.8414376943,-0.5705405221,500.0,79.04081758924349
2.0,1.0,0.0,44.8209724424,-0.573650433,0.0,46.69240495655322
3.0,0.0,7.0,44.8509549249,-0.5728583487,250.0,51.81657955272385
2.0,1.0,9.0,44.8604683103,-0.612416819,150.0,64.72860640612907
1.0,1.0,0.0,44.8281503913,-0.5818853533,0.0,40.769812468378404
4.0,2.0,0.0,44.8443597963,-0.5880470667,300.0,92.61467979702775
4.0,2.0,15.0,44.8344060161,-0.5624823121,500.0,97.59215518887231
6.0,2.0,25.0,44.826320596,-0.576809773,300.0,112.38023078287733
3.0,1.0,0.0,44.838659002,-0.5695541611,0.0,56.71965955263113
4.0,1.0,0.0,44.8508491481,-0.6244272812,0.0,74.49211966191433
4.0,2.0,110.0,44.8423538879,-0.5750777576,500.0,129.7313363191197
2.0,1.0,0.0,44.8227876097,-0.5503795288,0.0,43.58603298844628
2.0,0.0,35.0,44.8296129511,-0.577396858,170.0,47.75761581703773
2.0,1.0,50.0,44.8327848447,-0.5640272358,150.0,66.43406195689204
4.0,1.0,0.0,44.8542079424,-0.5770658891,0.0,68.12265996124734
1.0,1.0,10.0,44.8221780048,-0.5647987713,500.0,54.19422753462004
2.0,1.0,0.0,44.8269079131,-0.5939807418,0.0,50.466979487842764
2.0,1.0,0.0,44.8465159381,-0.5791724719,0.0,51.09270898806517
4.0,1.0,0.0,44.8317534652,-0.574236274,0.0,64.54702765249294
2.0,1.0,0.0,44.8572371937,-0.5635625807,0.0,50.3493001077195
2.0,1.0,0.0,44.8254394306,-0.5676409778,300.0,54.65129698790406
5.0,2.0,30.0,44.8499343965,-0.5870219313,0.0,102.40085355374049
